what,kind,bundleId,bundleVersion,description,time
started,bundle,org.eclipse.datatools.connectivity.ui.dse,1.1.4.v201107221459,"org.eclipse.datatools.connectivity.ui.dse",1467883107631
started,bundle,org.eclipse.datatools.enablement.ingres.ui,1.0.0.v201105270214,"org.eclipse.datatools.enablement.ingres.ui",1467883107677
started,bundle,org.eclipse.datatools.connectivity.sqm.core,1.2.4.v201201131116,"org.eclipse.datatools.connectivity.sqm.core",1467883108005
started,bundle,org.eclipse.datatools.connectivity.sqm.core.ui,1.2.1.v20110926045,"org.eclipse.datatools.connectivity.sqm.core.ui",1467883108021
opened,view,org.eclipse.datatools.connectivity.ui.dse,1.1.4.v201107221459,"org.eclipse.datatools.connectivity.DataSourceExplorerNavigator",1467883108348
activated,view,org.eclipse.datatools.connectivity.ui.dse,1.1.4.v201107221459,"org.eclipse.datatools.connectivity.DataSourceExplorerNavigator",1467883108364
opened,view,org.eclipse.wst.server.ui,1.3.0.v20120210_1439,"org.eclipse.wst.server.ui.ServersView",1467883108988
activated,view,org.eclipse.wst.server.ui,1.3.0.v20120210_1439,"org.eclipse.wst.server.ui.ServersView",1467883109003
opened,view,org.eclipse.ui.views,3.6.0.v20110928-1505,"org.eclipse.ui.views.PropertySheet",1467883109846
activated,view,org.eclipse.ui.views,3.6.0.v20110928-1505,"org.eclipse.ui.views.PropertySheet",1467883109861
activated,view,org.eclipse.ui.ide,3.7.0.v20110928-1505,"org.eclipse.ui.views.AllMarkersView",1467883110938
activated,view,org.eclipse.ui.console,3.5.100.v20111007_r372,"org.eclipse.ui.console.ConsoleView",1467883113839
activated,editor,org.eclipse.jdt.ui,3.7.2.v20120109-1427,"org.eclipse.jdt.ui.CompilationUnitEditor",1467883166895
activated,editor,org.eclipse.jdt.ui,3.7.2.v20120109-1427,"org.eclipse.jdt.ui.PropertiesFileEditor",1467883282663
activated,editor,org.eclipse.jdt.ui,3.7.2.v20120109-1427,"org.eclipse.jdt.ui.CompilationUnitEditor",1467883290728
activated,editor,org.eclipse.jdt.ui,3.7.2.v20120109-1427,"org.eclipse.jdt.ui.PropertiesFileEditor",1467883302506
activated,editor,org.eclipse.jdt.ui,3.7.2.v20120109-1427,"org.eclipse.jdt.ui.CompilationUnitEditor",1467883310868
activated,editor,org.eclipse.jdt.ui,3.7.2.v20120109-1427,"org.eclipse.jdt.ui.PropertiesFileEditor",1467883315844
activated,editor,org.eclipse.jdt.ui,3.7.2.v20120109-1427,"org.eclipse.jdt.ui.CompilationUnitEditor",1467883321367
activated,editor,org.eclipse.jdt.ui,3.7.2.v20120109-1427,"org.eclipse.jdt.ui.PropertiesFileEditor",1467883331928
activated,editor,org.eclipse.jdt.ui,3.7.2.v20120109-1427,"org.eclipse.jdt.ui.CompilationUnitEditor",1467883344408
deactivated,workbench,org.eclipse.ui.workbench,3.7.1.v20120104-1859,"",1467883351521
activated,workbench,org.eclipse.ui.workbench,3.7.1.v20120104-1859,"",1467883352255
deactivated,workbench,org.eclipse.ui.workbench,3.7.1.v20120104-1859,"",1467883352551
activated,workbench,org.eclipse.ui.workbench,3.7.1.v20120104-1859,"",1467883357059
deactivated,workbench,org.eclipse.ui.workbench,3.7.1.v20120104-1859,"",1467883364922
activated,workbench,org.eclipse.ui.workbench,3.7.1.v20120104-1859,"",1467883505703
activated,editor,org.eclipse.jdt.ui,3.7.2.v20120109-1427,"org.eclipse.jdt.ui.PropertiesFileEditor",1467883507262
executed,command,org.eclipse.ui,3.7.0.v20110928-1505,"org.eclipse.ui.edit.paste",1467883526645
executed,command,org.eclipse.ui,3.7.0.v20110928-1505,"org.eclipse.ui.file.saveAll",1467883529998
activated,editor,org.eclipse.jdt.ui,3.7.2.v20120109-1427,"org.eclipse.jdt.ui.CompilationUnitEditor",1467883533266
started,bundle,org.eclipse.mylyn.ide.ui,3.6.0.v20110608-1400,"org.eclipse.mylyn.ide.ui",1467883550456
started,bundle,org.eclipse.jpt.jaxb.ui,1.1.2.v201201260000,"org.eclipse.jpt.jaxb.ui",1467883550486
started,bundle,org.eclipse.jpt.jpa.ui,3.0.2.v201201243020,"org.eclipse.jpt.jpa.ui",1467883550543
started,bundle,org.eclipse.jpt.common.core,1.0.2.v201111103010,"org.eclipse.jpt.common.core",1467883550581
started,bundle,org.eclipse.jpt.jpa.core,3.0.2.v201201243020,"org.eclipse.jpt.jpa.core",1467883550605
started,bundle,org.eclipse.jst.ws.jaxws.ui,1.0.100.v201104032053,"org.eclipse.jst.ws.jaxws.ui",1467883550671
started,bundle,org.eclipse.mylyn.java.ui,3.6.0.v20110608-1400,"org.eclipse.mylyn.java.ui",1467883550694
started,bundle,org.eclipse.pde.api.tools,1.0.301.v20111129-2053,"org.eclipse.pde.api.tools",1467883550918
started,bundle,org.eclipse.pde.api.tools.ui,1.0.301.v20110803_r371,"org.eclipse.pde.api.tools.ui",1467883550946
started,bundle,org.eclipse.jpt.jaxb.core,1.0.2.v201111103010,"org.eclipse.jpt.jaxb.core",1467883551578
executed,command,org.eclipse.ui,3.7.0.v20110928-1505,"org.eclipse.ui.edit.delete",1467883558888
executed,command,org.eclipse.ui,3.7.0.v20110928-1505,"org.eclipse.ui.edit.delete",1467883559188
executed,command,org.eclipse.ui,3.7.0.v20110928-1505,"org.eclipse.ui.edit.delete",1467883559364
executed,command,org.eclipse.ui,3.7.0.v20110928-1505,"org.eclipse.ui.edit.delete",1467883559572
executed,command,org.eclipse.ui,3.7.0.v20110928-1505,"org.eclipse.ui.edit.delete",1467883559909
executed,command,org.eclipse.ui,3.7.0.v20110928-1505,"org.eclipse.ui.file.saveAll",1467883566900
activated,editor,org.eclipse.jdt.ui,3.7.2.v20120109-1427,"org.eclipse.jdt.ui.CompilationUnitEditor",1467883570780
deactivated,workbench,org.eclipse.ui.workbench,3.7.1.v20120104-1859,"",1467883576854
activated,workbench,org.eclipse.ui.workbench,3.7.1.v20120104-1859,"",1467883577122
deactivated,workbench,org.eclipse.ui.workbench,3.7.1.v20120104-1859,"",1467883578507
activated,workbench,org.eclipse.ui.workbench,3.7.1.v20120104-1859,"",1467883684166
activated,view,org.eclipse.ui.console,3.5.100.v20111007_r372,"org.eclipse.ui.console.ConsoleView",1467883687059
deactivated,workbench,org.eclipse.ui.workbench,3.7.1.v20120104-1859,"",1467883693362
activated,workbench,org.eclipse.ui.workbench,3.7.1.v20120104-1859,"",1467883693635
deactivated,workbench,org.eclipse.ui.workbench,3.7.1.v20120104-1859,"",1467883695036
activated,workbench,org.eclipse.ui.workbench,3.7.1.v20120104-1859,"",1467883768334
activated,editor,org.eclipse.jdt.ui,3.7.2.v20120109-1427,"org.eclipse.jdt.ui.PropertiesFileEditor",1467883771542
executed,command,org.eclipse.ui,3.7.0.v20110928-1505,"org.eclipse.ui.edit.paste",1467883791337
executed,command,org.eclipse.ui,3.7.0.v20110928-1505,"org.eclipse.ui.file.saveAll",1467883794068
activated,editor,org.eclipse.jdt.ui,3.7.2.v20120109-1427,"org.eclipse.jdt.ui.CompilationUnitEditor",1467883796284
executed,command,org.eclipse.ui,3.7.0.v20110928-1505,"org.eclipse.ui.edit.delete",1467883835536
executed,command,org.eclipse.ui,3.7.0.v20110928-1505,"org.eclipse.ui.edit.delete",1467883837393
executed,command,org.eclipse.ui,3.7.0.v20110928-1505,"org.eclipse.ui.file.saveAll",1467883842229
activated,editor,org.eclipse.jdt.ui,3.7.2.v20120109-1427,"org.eclipse.jdt.ui.CompilationUnitEditor",1467883850122
activated,view,org.eclipse.ui.console,3.5.100.v20111007_r372,"org.eclipse.ui.console.ConsoleView",1467883851979
deactivated,workbench,org.eclipse.ui.workbench,3.7.1.v20120104-1859,"",1467883853663
activated,workbench,org.eclipse.ui.workbench,3.7.1.v20120104-1859,"",1467883856097
deactivated,workbench,org.eclipse.ui.workbench,3.7.1.v20120104-1859,"",1467883861589
activated,workbench,org.eclipse.ui.workbench,3.7.1.v20120104-1859,"",1467883861869
deactivated,workbench,org.eclipse.ui.workbench,3.7.1.v20120104-1859,"",1467883863357
activated,workbench,org.eclipse.ui.workbench,3.7.1.v20120104-1859,"",1467883901872
deactivated,workbench,org.eclipse.ui.workbench,3.7.1.v20120104-1859,"",1467883903466
activated,workbench,org.eclipse.ui.workbench,3.7.1.v20120104-1859,"",1467883936602
activated,editor,org.eclipse.jdt.ui,3.7.2.v20120109-1427,"org.eclipse.jdt.ui.CompilationUnitEditor",1467883941318
activated,editor,org.eclipse.jdt.ui,3.7.2.v20120109-1427,"org.eclipse.jdt.ui.PropertiesFileEditor",1467883952127
activated,editor,org.eclipse.jdt.ui,3.7.2.v20120109-1427,"org.eclipse.jdt.ui.CompilationUnitEditor",1467883956752
executed,command,org.eclipse.ui,3.7.0.v20110928-1505,"org.eclipse.ui.file.saveAll",1467883975190
activated,editor,org.eclipse.jdt.ui,3.7.2.v20120109-1427,"org.eclipse.jdt.ui.CompilationUnitEditor",1467883980048
deactivated,workbench,org.eclipse.ui.workbench,3.7.1.v20120104-1859,"",1467883985130
activated,workbench,org.eclipse.ui.workbench,3.7.1.v20120104-1859,"",1467883985328
deactivated,workbench,org.eclipse.ui.workbench,3.7.1.v20120104-1859,"",1467883987110
activated,workbench,org.eclipse.ui.workbench,3.7.1.v20120104-1859,"",1467884046667
deactivated,workbench,org.eclipse.ui.workbench,3.7.1.v20120104-1859,"",1467884048040
activated,workbench,org.eclipse.ui.workbench,3.7.1.v20120104-1859,"",1467884063141
activated,editor,org.eclipse.jdt.ui,3.7.2.v20120109-1427,"org.eclipse.jdt.ui.PropertiesFileEditor",1467884065044
activated,editor,org.eclipse.jdt.ui,3.7.2.v20120109-1427,"org.eclipse.jdt.ui.CompilationUnitEditor",1467884070114
activated,editor,org.eclipse.jdt.ui,3.7.2.v20120109-1427,"org.eclipse.jdt.ui.PropertiesFileEditor",1467884077493
activated,editor,org.eclipse.jdt.ui,3.7.2.v20120109-1427,"org.eclipse.jdt.ui.CompilationUnitEditor",1467884082298
deactivated,workbench,org.eclipse.ui.workbench,3.7.1.v20120104-1859,"",1467884087134
activated,workbench,org.eclipse.ui.workbench,3.7.1.v20120104-1859,"",1467884096462
activated,editor,org.eclipse.jdt.ui,3.7.2.v20120109-1427,"org.eclipse.jdt.ui.PropertiesFileEditor",1467884097898
deactivated,workbench,org.eclipse.ui.workbench,3.7.1.v20120104-1859,"",1467884117335
activated,workbench,org.eclipse.ui.workbench,3.7.1.v20120104-1859,"",1467884130767
executed,command,org.eclipse.ui,3.7.0.v20110928-1505,"org.eclipse.ui.edit.paste",1467884132982
executed,command,org.eclipse.ui,3.7.0.v20110928-1505,"org.eclipse.ui.file.saveAll",1467884135696
activated,editor,org.eclipse.jdt.ui,3.7.2.v20120109-1427,"org.eclipse.jdt.ui.CompilationUnitEditor",1467884137771
executed,command,org.eclipse.ui,3.7.0.v20110928-1505,"org.eclipse.ui.edit.delete",1467884146850
executed,command,org.eclipse.ui,3.7.0.v20110928-1505,"org.eclipse.ui.edit.delete",1467884147443
executed,command,org.eclipse.ui,3.7.0.v20110928-1505,"org.eclipse.ui.file.saveAll",1467884152310
executed,command,org.eclipse.ui,3.7.0.v20110928-1505,"org.eclipse.ui.file.saveAll",1467884159252
activated,editor,org.eclipse.jdt.ui,3.7.2.v20120109-1427,"org.eclipse.jdt.ui.CompilationUnitEditor",1467884165570
deactivated,workbench,org.eclipse.ui.workbench,3.7.1.v20120104-1859,"",1467884170329
activated,workbench,org.eclipse.ui.workbench,3.7.1.v20120104-1859,"",1467884170518
deactivated,workbench,org.eclipse.ui.workbench,3.7.1.v20120104-1859,"",1467884172085
activated,workbench,org.eclipse.ui.workbench,3.7.1.v20120104-1859,"",1467884254159
activated,editor,org.eclipse.jdt.ui,3.7.2.v20120109-1427,"org.eclipse.jdt.ui.PropertiesFileEditor",1467884489863
activated,editor,org.eclipse.jdt.ui,3.7.2.v20120109-1427,"org.eclipse.jdt.ui.CompilationUnitEditor",1467884495089
deactivated,workbench,org.eclipse.ui.workbench,3.7.1.v20120104-1859,"",1467884857650
activated,workbench,org.eclipse.ui.workbench,3.7.1.v20120104-1859,"",1467885225295
activated,editor,org.eclipse.jdt.ui,3.7.2.v20120109-1427,"org.eclipse.jdt.ui.PropertiesFileEditor",1467885262829
activated,editor,org.eclipse.jdt.ui,3.7.2.v20120109-1427,"org.eclipse.jdt.ui.CompilationUnitEditor",1467885268976
activated,editor,org.eclipse.jdt.ui,3.7.2.v20120109-1427,"org.eclipse.jdt.ui.PropertiesFileEditor",1467885395024
activated,editor,org.eclipse.jdt.ui,3.7.2.v20120109-1427,"org.eclipse.jdt.ui.CompilationUnitEditor",1467885404805
activated,editor,org.eclipse.jdt.ui,3.7.2.v20120109-1427,"org.eclipse.jdt.ui.PropertiesFileEditor",1467885445864
activated,editor,org.eclipse.jdt.ui,3.7.2.v20120109-1427,"org.eclipse.jdt.ui.CompilationUnitEditor",1467885455739
activated,editor,org.eclipse.jdt.ui,3.7.2.v20120109-1427,"org.eclipse.jdt.ui.PropertiesFileEditor",1467885474958
activated,view,org.eclipse.ui.console,3.5.100.v20111007_r372,"org.eclipse.ui.console.ConsoleView",1467885525112
activated,editor,org.eclipse.jdt.ui,3.7.2.v20120109-1427,"org.eclipse.jdt.ui.CompilationUnitEditor",1467885542647
activated,editor,org.eclipse.jdt.ui,3.7.2.v20120109-1427,"org.eclipse.jdt.ui.PropertiesFileEditor",1467885588994
deactivated,workbench,org.eclipse.ui.workbench,3.7.1.v20120104-1859,"",1467885605031
activated,workbench,org.eclipse.ui.workbench,3.7.1.v20120104-1859,"",1467885605733
deactivated,workbench,org.eclipse.ui.workbench,3.7.1.v20120104-1859,"",1467885606357
activated,workbench,org.eclipse.ui.workbench,3.7.1.v20120104-1859,"",1467885608448
activated,editor,org.eclipse.jdt.ui,3.7.2.v20120109-1427,"org.eclipse.jdt.ui.CompilationUnitEditor",1467885613939
activated,editor,org.eclipse.jdt.ui,3.7.2.v20120109-1427,"org.eclipse.jdt.ui.CompilationUnitEditor",1467885720362
executed,command,org.eclipse.ui,3.7.0.v20110928-1505,"org.eclipse.ui.edit.delete",1467885811591
executed,command,org.eclipse.ui,3.7.0.v20110928-1505,"org.eclipse.ui.edit.delete",1467885811763
executed,command,org.eclipse.ui,3.7.0.v20110928-1505,"org.eclipse.ui.edit.delete",1467885811934
executed,command,org.eclipse.ui,3.7.0.v20110928-1505,"org.eclipse.ui.edit.delete",1467885812168
executed,command,org.eclipse.ui,3.7.0.v20110928-1505,"org.eclipse.ui.edit.delete",1467885812465
executed,command,org.eclipse.ui,3.7.0.v20110928-1505,"org.eclipse.ui.edit.delete",1467885812808
executed,command,org.eclipse.ui,3.7.0.v20110928-1505,"org.eclipse.ui.file.saveAll",1467885827066
activated,view,org.eclipse.ui.console,3.5.100.v20111007_r372,"org.eclipse.ui.console.ConsoleView",1467885829344
deactivated,workbench,org.eclipse.ui.workbench,3.7.1.v20120104-1859,"",1467885836115
activated,workbench,org.eclipse.ui.workbench,3.7.1.v20120104-1859,"",1467885836371
deactivated,workbench,org.eclipse.ui.workbench,3.7.1.v20120104-1859,"",1467885837804
activated,workbench,org.eclipse.ui.workbench,3.7.1.v20120104-1859,"",1467885858840
activated,editor,org.eclipse.jdt.ui,3.7.2.v20120109-1427,"org.eclipse.jdt.ui.CompilationUnitEditor",1467885860328
deactivated,workbench,org.eclipse.ui.workbench,3.7.1.v20120104-1859,"",1467885878022
activated,workbench,org.eclipse.ui.workbench,3.7.1.v20120104-1859,"",1467885883208
executed,command,org.eclipse.ui,3.7.0.v20110928-1505,"org.eclipse.ui.file.saveAll",1467885907675
activated,view,org.eclipse.ui.console,3.5.100.v20111007_r372,"org.eclipse.ui.console.ConsoleView",1467885910228
deactivated,workbench,org.eclipse.ui.workbench,3.7.1.v20120104-1859,"",1467885914741
activated,workbench,org.eclipse.ui.workbench,3.7.1.v20120104-1859,"",1467885915028
deactivated,workbench,org.eclipse.ui.workbench,3.7.1.v20120104-1859,"",1467885917000
activated,workbench,org.eclipse.ui.workbench,3.7.1.v20120104-1859,"",1467886055867
activated,editor,org.eclipse.jdt.ui,3.7.2.v20120109-1427,"org.eclipse.jdt.ui.PropertiesFileEditor",1467886056835
executed,command,org.eclipse.ui,3.7.0.v20110928-1505,"org.eclipse.ui.edit.paste",1467886073145
executed,command,org.eclipse.ui,3.7.0.v20110928-1505,"org.eclipse.ui.edit.delete",1467886093673
activated,editor,org.eclipse.jdt.ui,3.7.2.v20120109-1427,"org.eclipse.jdt.ui.CompilationUnitEditor",1467886098033
activated,editor,org.eclipse.jdt.ui,3.7.2.v20120109-1427,"org.eclipse.jdt.ui.PropertiesFileEditor",1467886113773
executed,command,org.eclipse.ui,3.7.0.v20110928-1505,"org.eclipse.ui.file.saveAll",1467886114874
activated,editor,org.eclipse.jdt.ui,3.7.2.v20120109-1427,"org.eclipse.jdt.ui.CompilationUnitEditor",1467886116297
activated,view,org.eclipse.ui.console,3.5.100.v20111007_r372,"org.eclipse.ui.console.ConsoleView",1467886118994
activated,editor,org.eclipse.jdt.ui,3.7.2.v20120109-1427,"org.eclipse.jdt.ui.CompilationUnitEditor",1467886132471
deactivated,workbench,org.eclipse.ui.workbench,3.7.1.v20120104-1859,"",1467886141407
activated,workbench,org.eclipse.ui.workbench,3.7.1.v20120104-1859,"",1467886199798
activated,editor,org.eclipse.jdt.ui,3.7.2.v20120109-1427,"org.eclipse.jdt.ui.PropertiesFileEditor",1467886202450
executed,command,org.eclipse.ui,3.7.0.v20110928-1505,"org.eclipse.ui.edit.delete",1467886205944
executed,command,org.eclipse.ui,3.7.0.v20110928-1505,"org.eclipse.ui.edit.delete",1467886206443
executed,command,org.eclipse.ui,3.7.0.v20110928-1505,"org.eclipse.ui.edit.delete",1467886206474
executed,command,org.eclipse.ui,3.7.0.v20110928-1505,"org.eclipse.ui.edit.delete",1467886206506
executed,command,org.eclipse.ui,3.7.0.v20110928-1505,"org.eclipse.ui.edit.delete",1467886206537
executed,command,org.eclipse.ui,3.7.0.v20110928-1505,"org.eclipse.ui.edit.delete",1467886206568
executed,command,org.eclipse.ui,3.7.0.v20110928-1505,"org.eclipse.ui.edit.delete",1467886206599
executed,command,org.eclipse.ui,3.7.0.v20110928-1505,"org.eclipse.ui.edit.delete",1467886206630
executed,command,org.eclipse.ui,3.7.0.v20110928-1505,"org.eclipse.ui.edit.delete",1467886206662
executed,command,org.eclipse.ui,3.7.0.v20110928-1505,"org.eclipse.ui.edit.delete",1467886206693
executed,command,org.eclipse.ui,3.7.0.v20110928-1505,"org.eclipse.ui.edit.delete",1467886206740
executed,command,org.eclipse.ui,3.7.0.v20110928-1505,"org.eclipse.ui.edit.delete",1467886206771
executed,command,org.eclipse.ui,3.7.0.v20110928-1505,"org.eclipse.ui.edit.delete",1467886206802
executed,command,org.eclipse.ui,3.7.0.v20110928-1505,"org.eclipse.ui.edit.delete",1467886206833
executed,command,org.eclipse.ui,3.7.0.v20110928-1505,"org.eclipse.ui.edit.delete",1467886206864
executed,command,org.eclipse.ui,3.7.0.v20110928-1505,"org.eclipse.ui.edit.delete",1467886206896
executed,command,org.eclipse.ui,3.7.0.v20110928-1505,"org.eclipse.ui.edit.delete",1467886206927
executed,command,org.eclipse.ui,3.7.0.v20110928-1505,"org.eclipse.ui.edit.delete",1467886206958
executed,command,org.eclipse.ui,3.7.0.v20110928-1505,"org.eclipse.ui.edit.delete",1467886207005
executed,command,org.eclipse.ui,3.7.0.v20110928-1505,"org.eclipse.ui.edit.delete",1467886207036
executed,command,org.eclipse.ui,3.7.0.v20110928-1505,"org.eclipse.ui.edit.delete",1467886207067
executed,command,org.eclipse.ui,3.7.0.v20110928-1505,"org.eclipse.ui.edit.delete",1467886207098
executed,command,org.eclipse.ui,3.7.0.v20110928-1505,"org.eclipse.ui.edit.delete",1467886207130
executed,command,org.eclipse.ui,3.7.0.v20110928-1505,"org.eclipse.ui.edit.delete",1467886207161
executed,command,org.eclipse.ui,3.7.0.v20110928-1505,"org.eclipse.ui.edit.delete",1467886207192
executed,command,org.eclipse.ui,3.7.0.v20110928-1505,"org.eclipse.ui.edit.delete",1467886207223
executed,command,org.eclipse.ui,3.7.0.v20110928-1505,"org.eclipse.ui.edit.delete",1467886207254
executed,command,org.eclipse.ui,3.7.0.v20110928-1505,"org.eclipse.ui.edit.delete",1467886207301
executed,command,org.eclipse.ui,3.7.0.v20110928-1505,"org.eclipse.ui.edit.delete",1467886207332
executed,command,org.eclipse.ui,3.7.0.v20110928-1505,"org.eclipse.ui.edit.delete",1467886207364
executed,command,org.eclipse.ui,3.7.0.v20110928-1505,"org.eclipse.ui.edit.delete",1467886207395
executed,command,org.eclipse.ui,3.7.0.v20110928-1505,"org.eclipse.ui.edit.delete",1467886207426
executed,command,org.eclipse.ui,3.7.0.v20110928-1505,"org.eclipse.ui.edit.delete",1467886207457
executed,command,org.eclipse.ui,3.7.0.v20110928-1505,"org.eclipse.ui.edit.delete",1467886207488
executed,command,org.eclipse.ui,3.7.0.v20110928-1505,"org.eclipse.ui.edit.delete",1467886207520
executed,command,org.eclipse.ui,3.7.0.v20110928-1505,"org.eclipse.ui.edit.delete",1467886207551
executed,command,org.eclipse.ui,3.7.0.v20110928-1505,"org.eclipse.ui.edit.delete",1467886207598
executed,command,org.eclipse.ui,3.7.0.v20110928-1505,"org.eclipse.ui.edit.delete",1467886207629
executed,command,org.eclipse.ui,3.7.0.v20110928-1505,"org.eclipse.ui.edit.delete",1467886207660
executed,command,org.eclipse.ui,3.7.0.v20110928-1505,"org.eclipse.ui.edit.delete",1467886207691
executed,command,org.eclipse.ui,3.7.0.v20110928-1505,"org.eclipse.ui.edit.delete",1467886207722
executed,command,org.eclipse.ui,3.7.0.v20110928-1505,"org.eclipse.ui.edit.delete",1467886207754
executed,command,org.eclipse.ui,3.7.0.v20110928-1505,"org.eclipse.ui.edit.delete",1467886207785
executed,command,org.eclipse.ui,3.7.0.v20110928-1505,"org.eclipse.ui.edit.delete",1467886207816
executed,command,org.eclipse.ui,3.7.0.v20110928-1505,"org.eclipse.ui.edit.delete",1467886207863
executed,command,org.eclipse.ui,3.7.0.v20110928-1505,"org.eclipse.ui.edit.delete",1467886208066
executed,command,org.eclipse.ui,3.7.0.v20110928-1505,"org.eclipse.ui.edit.delete",1467886208222
executed,command,org.eclipse.ui,3.7.0.v20110928-1505,"org.eclipse.ui.edit.delete",1467886208393
executed,command,org.eclipse.ui,3.7.0.v20110928-1505,"org.eclipse.ui.edit.delete",1467886208549
executed,command,org.eclipse.ui,3.7.0.v20110928-1505,"org.eclipse.ui.edit.delete",1467886208690
executed,command,org.eclipse.ui,3.7.0.v20110928-1505,"org.eclipse.ui.edit.delete",1467886208830
executed,command,org.eclipse.ui,3.7.0.v20110928-1505,"org.eclipse.ui.edit.delete",1467886208986
executed,command,org.eclipse.ui,3.7.0.v20110928-1505,"org.eclipse.ui.edit.paste",1467886210827
executed,command,org.eclipse.ui,3.7.0.v20110928-1505,"org.eclipse.ui.file.saveAll",1467886215444
activated,editor,org.eclipse.jdt.ui,3.7.2.v20120109-1427,"org.eclipse.jdt.ui.CompilationUnitEditor",1467886217270
activated,editor,org.eclipse.jdt.ui,3.7.2.v20120109-1427,"org.eclipse.jdt.ui.PropertiesFileEditor",1467886226318
activated,editor,org.eclipse.jdt.ui,3.7.2.v20120109-1427,"org.eclipse.jdt.ui.CompilationUnitEditor",1467886238642
activated,editor,org.eclipse.jdt.ui,3.7.2.v20120109-1427,"org.eclipse.jdt.ui.CompilationUnitEditor",1467886239952
activated,editor,org.eclipse.jdt.ui,3.7.2.v20120109-1427,"org.eclipse.jdt.ui.CompilationUnitEditor",1467886249484
activated,editor,org.eclipse.jdt.ui,3.7.2.v20120109-1427,"org.eclipse.jdt.ui.CompilationUnitEditor",1467886265068
executed,command,org.eclipse.ui,3.7.0.v20110928-1505,"org.eclipse.ui.file.saveAll",1467886273882
activated,editor,org.eclipse.jdt.ui,3.7.2.v20120109-1427,"org.eclipse.jdt.ui.PropertiesFileEditor",1467886275848
activated,editor,org.eclipse.jdt.ui,3.7.2.v20120109-1427,"org.eclipse.jdt.ui.CompilationUnitEditor",1467886276971
activated,editor,org.eclipse.jdt.ui,3.7.2.v20120109-1427,"org.eclipse.jdt.ui.CompilationUnitEditor",1467886279436
activated,editor,org.eclipse.jdt.ui,3.7.2.v20120109-1427,"org.eclipse.jdt.ui.CompilationUnitEditor",1467886281479
executed,command,org.eclipse.ui,3.7.0.v20110928-1505,"org.eclipse.ui.file.saveAll",1467886332242
deactivated,workbench,org.eclipse.ui.workbench,3.7.1.v20120104-1859,"",1467886337032
activated,workbench,org.eclipse.ui.workbench,3.7.1.v20120104-1859,"",1467886364036
activated,view,org.eclipse.ui.console,3.5.100.v20111007_r372,"org.eclipse.ui.console.ConsoleView",1467886364054
activated,editor,org.eclipse.jdt.ui,3.7.2.v20120109-1427,"org.eclipse.jdt.ui.CompilationUnitEditor",1467886364319
deactivated,workbench,org.eclipse.ui.workbench,3.7.1.v20120104-1859,"",1467886372537
activated,workbench,org.eclipse.ui.workbench,3.7.1.v20120104-1859,"",1467886375723
activated,editor,org.eclipse.jdt.ui,3.7.2.v20120109-1427,"org.eclipse.jdt.ui.CompilationUnitEditor",1467886376581
activated,view,org.eclipse.ui.console,3.5.100.v20111007_r372,"org.eclipse.ui.console.ConsoleView",1467886377782
deactivated,workbench,org.eclipse.ui.workbench,3.7.1.v20120104-1859,"",1467886383477
activated,workbench,org.eclipse.ui.workbench,3.7.1.v20120104-1859,"",1467886383726
deactivated,workbench,org.eclipse.ui.workbench,3.7.1.v20120104-1859,"",1467886385658
activated,workbench,org.eclipse.ui.workbench,3.7.1.v20120104-1859,"",1467886422433
activated,editor,org.eclipse.jdt.ui,3.7.2.v20120109-1427,"org.eclipse.jdt.ui.CompilationUnitEditor",1467886425427
deactivated,workbench,org.eclipse.ui.workbench,3.7.1.v20120104-1859,"",1467886445489
activated,workbench,org.eclipse.ui.workbench,3.7.1.v20120104-1859,"",1467886455307
executed,command,org.eclipse.ui,3.7.0.v20110928-1505,"org.eclipse.ui.edit.delete",1467886514420
executed,command,org.eclipse.ui,3.7.0.v20110928-1505,"org.eclipse.ui.file.saveAll",1467886520021
activated,view,org.eclipse.ui.console,3.5.100.v20111007_r372,"org.eclipse.ui.console.ConsoleView",1467886532782
deactivated,workbench,org.eclipse.ui.workbench,3.7.1.v20120104-1859,"",1467886538211
activated,workbench,org.eclipse.ui.workbench,3.7.1.v20120104-1859,"",1467886538475
deactivated,workbench,org.eclipse.ui.workbench,3.7.1.v20120104-1859,"",1467886539936
activated,workbench,org.eclipse.ui.workbench,3.7.1.v20120104-1859,"",1467886575584
activated,editor,org.eclipse.jdt.ui,3.7.2.v20120109-1427,"org.eclipse.jdt.ui.CompilationUnitEditor",1467886585810
activated,view,org.eclipse.ui.console,3.5.100.v20111007_r372,"org.eclipse.ui.console.ConsoleView",1467886602021
activated,editor,org.eclipse.jdt.ui,3.7.2.v20120109-1427,"org.eclipse.jdt.ui.CompilationUnitEditor",1467886602353
deactivated,workbench,org.eclipse.ui.workbench,3.7.1.v20120104-1859,"",1467886656820
activated,workbench,org.eclipse.ui.workbench,3.7.1.v20120104-1859,"",1467886667116
activated,editor,org.eclipse.jdt.ui,3.7.2.v20120109-1427,"org.eclipse.jdt.ui.CompilationUnitEditor",1467886671796
activated,editor,org.eclipse.jdt.ui,3.7.2.v20120109-1427,"org.eclipse.jdt.ui.CompilationUnitEditor",1467886716880
activated,view,org.eclipse.ui.console,3.5.100.v20111007_r372,"org.eclipse.ui.console.ConsoleView",1467886738845
activated,editor,org.eclipse.jdt.ui,3.7.2.v20120109-1427,"org.eclipse.jdt.ui.CompilationUnitEditor",1467886754613
deactivated,workbench,org.eclipse.ui.workbench,3.7.1.v20120104-1859,"",1467886759965
activated,workbench,org.eclipse.ui.workbench,3.7.1.v20120104-1859,"",1467886760376
deactivated,workbench,org.eclipse.ui.workbench,3.7.1.v20120104-1859,"",1467886762092
activated,workbench,org.eclipse.ui.workbench,3.7.1.v20120104-1859,"",1467886799855
activated,editor,org.eclipse.jdt.ui,3.7.2.v20120109-1427,"org.eclipse.jdt.ui.PropertiesFileEditor",1467886817863
deactivated,workbench,org.eclipse.ui.workbench,3.7.1.v20120104-1859,"",1467886825060
activated,workbench,org.eclipse.ui.workbench,3.7.1.v20120104-1859,"",1467886831529
deactivated,workbench,org.eclipse.ui.workbench,3.7.1.v20120104-1859,"",1467886832821
activated,workbench,org.eclipse.ui.workbench,3.7.1.v20120104-1859,"",1467886874279
activated,editor,org.eclipse.jdt.ui,3.7.2.v20120109-1427,"org.eclipse.jdt.ui.CompilationUnitEditor",1467886877486
deactivated,workbench,org.eclipse.ui.workbench,3.7.1.v20120104-1859,"",1467886894683
activated,workbench,org.eclipse.ui.workbench,3.7.1.v20120104-1859,"",1467886894853
activated,editor,org.eclipse.jdt.ui,3.7.2.v20120109-1427,"org.eclipse.jdt.ui.CompilationUnitEditor",1467886907366
executed,command,org.eclipse.ui,3.7.0.v20110928-1505,"org.eclipse.ui.edit.text.contentAssist.proposals",1467886942554
executed,command,org.eclipse.ui,3.7.0.v20110928-1505,"org.eclipse.ui.edit.text.contentAssist.proposals",1467886946983
executed,command,org.eclipse.ui,3.7.0.v20110928-1505,"org.eclipse.ui.edit.text.contentAssist.proposals",1467886957348
executed,command,org.eclipse.ui,3.7.0.v20110928-1505,"org.eclipse.ui.edit.text.contentAssist.proposals",1467886964009
executed,command,org.eclipse.ui,3.7.0.v20110928-1505,"org.eclipse.ui.edit.text.contentAssist.proposals",1467887008781
executed,command,org.eclipse.ui,3.7.0.v20110928-1505,"org.eclipse.ui.file.save",1467887017814
